{"cameraMode":{"drawMode":0,"name":"Shaded","section":"Shading Mode"},"sceneLighting":true,"audioPlay":false,"sceneViewState":{"showFog":true,"showMaterialUpdate":false,"showSkybox":true,"showFlares":true,"showImageEffects":true,"showParticleSystems":true},"in2DMode":false,"pivot":{"x":9.297478675842286,"y":0.8891714811325073,"z":16.0181884765625},"rotation":{"x":0.16937221586704255,"y":0.46718302369117739,"z":-0.09169977903366089,"w":0.8629549741744995},"size":1.8424315452575684,"orthographic":false}