{"cameraMode":{"drawMode":0,"name":"Shaded","section":"Shading Mode"},"sceneLighting":true,"audioPlay":false,"sceneViewState":{"showFog":true,"showMaterialUpdate":false,"showSkybox":true,"showFlares":true,"showImageEffects":true,"showParticleSystems":true},"in2DMode":false,"pivot":{"x":9.04103946685791,"y":1.6413439512252808,"z":16.018033981323243},"rotation":{"x":0.10644541680812836,"y":-0.7950842976570129,"z":0.1461624950170517,"w":0.5789684653282166},"size":2.505687952041626,"orthographic":false}