{"cameraMode":{"drawMode":0,"name":"Shaded","section":"Shading Mode"},"sceneLighting":true,"audioPlay":false,"sceneViewState":{"showFog":true,"showMaterialUpdate":false,"showSkybox":true,"showFlares":true,"showImageEffects":true,"showParticleSystems":true},"in2DMode":false,"pivot":{"x":-13.051814079284668,"y":20.471158981323243,"z":0.2610011100769043},"rotation":{"x":-0.04267209395766258,"y":-0.7954921722412109,"z":-0.056790608912706378,"w":0.6019148826599121},"size":24.766780853271486,"orthographic":false}