{"cameraMode":{"drawMode":0,"name":"Shaded","section":"Shading Mode"},"sceneLighting":true,"audioPlay":false,"sceneViewState":{"showFog":true,"showMaterialUpdate":false,"showSkybox":true,"showFlares":true,"showImageEffects":true,"showParticleSystems":true},"in2DMode":false,"pivot":{"x":8.213188171386719,"y":2.1247127056121828,"z":17.845537185668947},"rotation":{"x":-0.03893467038869858,"y":-0.9606614708900452,"z":0.17959396541118623,"w":-0.2083875685930252},"size":0.7608053088188171,"orthographic":false}