{"cameraMode":{"drawMode":0,"name":"Shaded","section":"Shading Mode"},"sceneLighting":true,"audioPlay":false,"sceneViewState":{"showFog":true,"showMaterialUpdate":false,"showSkybox":true,"showFlares":true,"showImageEffects":true,"showParticleSystems":true},"in2DMode":false,"pivot":{"x":-2.7567455768585207,"y":30.816640853881837,"z":-10.011165618896485},"rotation":{"x":-0.14033852517604829,"y":-0.8029191493988037,"z":0.20894530415534974,"w":-0.5405293107032776},"size":2.0954229831695558,"orthographic":false}