{"cameraMode":{"drawMode":0,"name":"Shaded","section":"Shading Mode"},"sceneLighting":true,"audioPlay":false,"sceneViewState":{"showFog":true,"showMaterialUpdate":false,"showSkybox":true,"showFlares":true,"showImageEffects":true,"showParticleSystems":true},"in2DMode":false,"pivot":{"x":4.326477527618408,"y":3.1259374618530275,"z":-9.017388343811036},"rotation":{"x":-0.06873335689306259,"y":-0.7744020223617554,"z":0.08575478196144104,"w":-0.6232518553733826},"size":1.1581828594207764,"orthographic":false}