{"cameraMode":{"drawMode":0,"name":"Shaded","section":"Shading Mode"},"sceneLighting":true,"audioPlay":false,"sceneViewState":{"showFog":true,"showMaterialUpdate":false,"showSkybox":true,"showFlares":true,"showImageEffects":true,"showParticleSystems":true},"in2DMode":false,"pivot":{"x":-25.007726669311525,"y":-15.051390647888184,"z":15.609810829162598},"rotation":{"x":-0.11840541660785675,"y":0.856760561466217,"z":-0.2260400503873825,"w":-0.44830605387687685},"size":20.472640991210939,"orthographic":false}