{"cameraMode":{"drawMode":0,"name":"Shaded","section":"Shading Mode"},"sceneLighting":true,"audioPlay":false,"sceneViewState":{"showFog":true,"showMaterialUpdate":false,"showSkybox":true,"showFlares":true,"showImageEffects":true,"showParticleSystems":true},"in2DMode":false,"pivot":{"x":2.2935943603515627,"y":1.6406240463256837,"z":31.343517303466798},"rotation":{"x":0.12508980929851533,"y":0.8174798488616943,"z":-0.1938721239566803,"w":0.5278159976005554},"size":3.4298579692840578,"orthographic":false}